Pierre-Henri Wuillemin <pierre-henri.wuillemin@lip6.fr> phw <phw@fa2884e2-1fde-468d-ae8a-4cc2b5279982>
Pierre-Henri Wuillemin <pierre-henri.wuillemin@lip6.fr> Pierre-Henri Wuillemin$ <pierre-henri.wuillemin@lip6.fr>
Pierre-Henri Wuillemin <pierre-henri.wuillemin@lip6.fr> Pierre-Henri Wuillemin <pierre-henri.Wuillemin@lip6.fr>
Pierre-Henri Wuillemin <pierre-henri.wuillemin@lip6.fr> ph <ph>
Pierre-Henri Wuillemin <pierre-henri.wuillemin@lip6.fr> ph w <pierre-henri.wuillemin@lip6.fr>
Pierre-Henri Wuillemin <pierre-henri.wuillemin@lip6.fr> phw <pierre-henri.wuillemin@lip6.fr>
Pierre-Henri Wuillemin <pierre-henri.wuillemin@lip6.fr> Pierre-Henri Wuilemin <pierre-henri.wuillemin@lip6.fr>

Lionel Torti <lionel.torti@gmail.com> lionel <lionel@fa2884e2-1fde-468d-ae8a-4cc2b5279982>
Lionel Torti <lionel.torti@gmail.com> Lionel Torti <lionel.torti@lip6.fr>
Lionel Torti <lionel.torti@gmail.com> Lionel <lionel.torti@gmail.com>
Lionel Torti <lionel.torti@gmail.com> Lionel Torti <torti@Mac-aGrUM.desir.lip6.fr>

Christophe Gonzales <christophe.gonzales@lis-lab.fr> Christophe Gonzales <Christophe.Gonzales@lip6.fr>
Christophe Gonzales <christophe.gonzales@lis-lab.fr> speedy <speedy@fa2884e2-1fde-468d-ae8a-4cc2b5279982>
Christophe Gonzales <christophe.gonzales@lis-lab.fr> Christophe Gonzales <gonzales@shalmaneser.(none)>
Christophe Gonzales <christophe.gonzales@lis-lab.fr> Gonzales <gonzales@MacBook-Pro-de-Severine.local>
Christophe Gonzales <christophe.gonzales@lis-lab.fr> Christophe Gonzales <christophe.gonzales@lip6.fr>
Christophe Gonzales <christophe.gonzales@lis-lab.fr> Christophe Gonzales <Christophe.Gonzales@lis-lab.fr>
Christophe Gonzales <christophe.gonzales@lis-lab.fr> Gonzales <christophe.gonzales@lip6.fr>

Vincent Renaudineau<vincent.renaudineau@gmail.com> vincent <vincent@fa2884e2-1fde-468d-ae8a-4cc2b5279982>

Jean-Christophe Magnan <jean-christophe.magnan@lip6.fr> jcm <jean-christophe.magnan@lip6.fr>
Jean-Christophe Magnan <jean-christophe.magnan@lip6.fr> jcm <jcm@fa2884e2-1fde-468d-ae8a-4cc2b5279982>
Jean-Christophe Magnan <jean-christophe.magnan@lip6.fr> jcm <jen-christophe.magnan@lip6.fr>
Jean-Christophe Magnan <jean-christophe.magnan@lip6.fr> Jean-Christophe <zucabar@Serenity.(none)>

Matthieu Hourbracq <matthieu.hourbracq@gmail.com> mat <mat@mat-N56VZ.(none)>
Matthieu Hourbracq <matthieu.hourbracq@gmail.com> Matthieu HOURBRACQ <hourbracqm@poleia.lip6.fr>
Matthieu Hourbracq <matthieu.hourbracq@gmail.com> Matthieu Hourbracq <matthieu.hourbracq@akheros.com>

Jean-Philippe Dubus <jp.dubus@gmail.com> dubus <dubus@fa2884e2-1fde-468d-ae8a-4cc2b5279982>

Julien Schueller <schueller@phimeca.com> schueller <schueller@phimeca.com>
Julien Schueller <schueller@phimeca.com> Julien <julien.schueller@gmail.com>

Ariele Maesano <maesano.ariele@gmail.com> ariele <ariele@fa2884e2-1fde-468d-ae8a-4cc2b5279982>

Gaspard Ducamp <ducamp.gaspard@gmail.com> Gaspard Ducamp <ducamp.gaspard@yahoo.fr>
Gaspard Ducamp <ducamp.gaspard@gmail.com> Gaspard Ducamp <ducamp.gaspard@gmail.com>
Gaspard Ducamp <ducamp.gaspard@gmail.com> Gaspard DUCAMP <ducamp@poleia.lip6.fr>
Gaspard Ducamp <ducamp.gaspard@gmail.com> Gaspard Ducamp <gaspard@pc83.home>
Gaspard Ducamp <ducamp.gaspard@gmail.com> aGrUM <ducamp.gaspard@gmail.com>
Gaspard Ducamp <ducamp.gaspard@gmail.com> unknown <ducamp.gaspard@gmail.com>
Gaspard Ducamp <ducamp.gaspard@gmail.com> Aspard <ducamp.gaspard@gmail.com>
Gaspard Ducamp <ducamp.gaspard@gmail.com> Foo Bar <ducamp.gaspard@gmail.com>
Gaspard Ducamp <ducamp.gaspard@gmail.com> Gaspard <g.ducamp@marin.nl>
Gaspard Ducamp <ducamp.gaspard@gmail.com> Gaspard Ducamp <G.Ducamp@marin.nl>


Mélanie Munch <melanie.munch@free.fr> Pixpins <melanie.munch@free.fr>
Mélanie Munch <melanie.munch@free.fr> mmunch <melanie.munch@free.fr>

Bastien Chassagnol <bastien.chassagnol@insa-lyon.fr> bastienchassagnol <bastien.chassagnol@insa-lyon.fr>

Quentin Falcand <quentin.falcand@gmail.com> Quentin FALCAND <quentin.falcand@gmail.com>

Yangfan Xiang <yangfan.xiang@hotmail.com> Yangfan XIANG <yangfan.xiang@hotmail.com>
Yangfan Xiang <yangfan.xiang@hotmail.com> WhySeeYC <ycwang155@gmail.com>


Marvin Lasserre <marvin.lasserre@lip6.fr> Marvin Lasserre <marvin.lasserre@gmail.com>

Kaçper Ozieblowski <kacpero376@gmail.com> Angramme <kacpero376@gmail.com>

Mahdi Hadj Ali <mahdi.hadj.ali@sap.com> Mahdi_HADJALI <mahdi.h297@gmail.com>
Mahdi Hadj Ali <mahdi.hadj.ali@sap.com> HADJ ALI <mahdi.hadj.ali@sap.com>

Jules Cassan <jules.cassan@hotmail.com> White-On <74248238+White-On@users.noreply.github.com>

Zhe Huang <ireneminaann@gmail.com> hzhjhtb <zhehuang@ZheHUANGs-MacBook-Pro.local>
Zhe Huang <ireneminaann@gmail.com> hzhjhtb <zhehuang@pc-10-97.customer.ask4.lan>

Clara Charon <clara.charon@hotmail.fr> Clara Charon <clara.charon@teranga-software.com>

Thierry Rioual <rioualthierry121104@gmail.com> ThierryRioual <rioualthierry121104@gmail.com>